{
  "display": {
    "firstperson_lefthand": {
      "rotation": [180.0, 0.0, 180.0],
      "scale": [0.1875, 0.1875, 0.1875]
    },
    "firstperson_righthand": {
      "rotation": [180.0, 0.0, 180.0],
      "scale": [0.1875, 0.1875, 0.1875]
    },
    "fixed": {
      "scale": [0.5, 0.5, 0.5],
      "translation": [0.0, -4.0, 0.0]
    },
    "ground": {
      "scale": [0.25, 0.25, 0.25]
    },
    "gui": {
      "rotation": [-150.0, 45.00001, 180.0],
      "scale": [0.3750001, 0.37499994, 0.375],
      "translation": [0.0, -3.0, 0.0]
    },
    "head": {
      "scale": [0.25, 0.25, 0.25]
    },
    "none": {
      "scale": [0.25, 0.25, 0.25]
    },
    "thirdperson_lefthand": {
      "rotation": [70.00002, 70.000015, 0.0],
      "scale": [0.24999997, 0.24999999, 0.25000003],
      "translation": [0.0, 1.5, -2.75]
    },
    "thirdperson_righthand": {
      "rotation": [70.00002, 70.000015, 0.0],
      "scale": [0.24999997, 0.24999999, 0.25000003],
      "translation": [0.0, 1.5, -2.75]
    }
  },
  "flip_v": true,
  "loader": "neoforge:obj",
  "model": "alternatingflux:models/block/connector/transformer_uaf_af_left.obj"
}
